id;id_courrier;subject;description;type_courrier;created_at;updated_at;created_by;updated_by;delai;relance;accuse;reponse;date_accuse;date_reponse;status;data;data_content_type;received_at;instruction;expediteur_desc;sent_at;destinataire_desc;destinataire_ville
1;mobile Fish;Home Loan Account Table Computer;Trace;Sortie;2020-07-13T09:32:20;2020-07-13T08:40:44;transmitter Implementation Electronics;Soap methodology Albania;43194;2306;false;true;2020-07-12;2020-07-13;Ouvert;../data/blob/hipster.png;image/png;2020-07-13T04:26:47;Licensed Savings Account;Cambridgeshire Mississippi;2020-07-13T08:55:05;Credit Card Account Table Small Frozen Sausages;South Dakota envisioneer Music
2;Nakfa;Bahamian Dollar Investment Account;Games Regional Digitized;Arrivee;2020-07-13T05:02:32;2020-07-12T20:54:43;Chair Facilitator;Views e-enable Communications;72727;92187;false;false;2020-07-12;2020-07-13;Ouvert;../data/blob/hipster.png;image/png;2020-07-13T03:31:14;generating compelling;Home Loan Account;2020-07-13T03:24:32;scalable;Small
3;deliverables reinvent 24 hour;overriding;monitor 1080p Checking Account;Arrivee;2020-07-12T19:04:26;2020-07-12T23:14:46;Ergonomic;moratorium moratorium;72960;59129;true;false;2020-07-12;2020-07-12;Encours;../data/blob/hipster.png;image/png;2020-07-12T13:39:33;hard drive Robust Networked;Poland;2020-07-12T23:46:19;Grocery;red
4;withdrawal knowledge base Buckinghamshire;Concrete Investment Account Saint Lucia;User-centric;Arrivee;2020-07-12T17:21:30;2020-07-13T06:09:49;Web virtual deposit;Squares mint green e-business;88328;53934;false;true;2020-07-13;2020-07-12;Traite;../data/blob/hipster.png;image/png;2020-07-13T04:33:45;synergies copying;ability Hat Iraq;2020-07-12T22:23:50;Bahamian Dollar;24/7
5;Gloves sky blue Oklahoma;robust Engineer;Exclusive Moroccan Dirham card;Sortie;2020-07-13T09:08:51;2020-07-13T03:37:49;Analyst paradigms;encompassing;90826;63435;false;true;2020-07-13;2020-07-12;Traite;../data/blob/hipster.png;image/png;2020-07-12T19:48:30;Handmade 24/7 Re-contextualized;web-enabled invoice withdrawal;2020-07-12T21:10:28;Licensed hacking installation;Argentine Peso
6;Kentucky Algerian Dinar Clothing;open-source turn-key;Sausages;Sortie;2020-07-12T17:48:59;2020-07-13T01:50:51;Concrete Global SMS;Profound;17495;81722;true;true;2020-07-12;2020-07-12;Traite;../data/blob/hipster.png;image/png;2020-07-13T07:47:54;Customer Human deposit;even-keeled Saint Helena Pound;2020-07-12T13:42:48;SCSI drive THX;Unbranded Cheese Dynamic
7;Alabama transform;invoice Home Gloves;Buckinghamshire Ports;Sortie;2020-07-13T02:13:24;2020-07-13T05:44:28;world-class program alarm;Nevada;9367;50881;false;true;2020-07-13;2020-07-13;Traite;../data/blob/hipster.png;image/png;2020-07-12T10:32:23;Cambridgeshire Investor;cross-platform Borders;2020-07-12T20:11:14;Cambridgeshire white sensor;Alaska
8;deposit Chips Applications;uniform PCI back up;Tactics architectures Planner;Arrivee;2020-07-13T05:27:04;2020-07-12T13:36:21;infrastructure;mesh;39469;93615;true;true;2020-07-12;2020-07-12;Traite;../data/blob/hipster.png;image/png;2020-07-12T19:16:22;Director Concrete Bedfordshire;portal calculating Metal;2020-07-12T17:01:09;France protocol;open-source HDD
9;Sleek Beauty Auto Loan Account;deposit;extend Unbranded Fresh Pants Tools;Arrivee;2020-07-13T09:10:13;2020-07-13T02:09:26;Towels Specialist;Utah Computers Small Fresh Gloves;36019;53708;false;false;2020-07-12;2020-07-12;Traite;../data/blob/hipster.png;image/png;2020-07-12T13:49:28;sky blue;Peru deposit;2020-07-12T16:36:25;Strategist;card Licensed Cotton Ball
10;mindshare Gorgeous;Chips;navigating;Sortie;2020-07-13T04:16:41;2020-07-12T20:51:06;microchip;Response invoice;51669;73789;true;true;2020-07-12;2020-07-12;Ouvert;../data/blob/hipster.png;image/png;2020-07-12T15:50:41;Garden;Small;2020-07-13T07:46:23;solution;Colombian Peso Unidad de Valor Real Bridge Handmade
